{
    "fraud": -0.06557104764908323,
    "suspicious": -0.009929060210479276
}